name,version,directory,repository,summary,from package.json,from license,from readme
@azu/format-text,1.0.1,/Users/luisherranz/Code/frontity-licenses/frontity-docs/node_modules/@azu/format-text,git@github.com:azu/format-text,BSD-3-Clause,BSD-3-Clause,,
@azu/style-format,1.0.0,/Users/luisherranz/Code/frontity-licenses/frontity-docs/node_modules/@azu/style-format,git@github.com:azu/style-format,WTFPL,WTFPL,,
@babel/code-frame,7.14.5,/Users/luisherranz/Code/frontity-licenses/frontity-docs/node_modules/@babel/code-frame,https://github.com/babel/babel,MIT,MIT,MIT,
@babel/helper-validator-identifier,7.14.8,/Users/luisherranz/Code/frontity-licenses/frontity-docs/node_modules/@babel/helper-validator-identifier,https://github.com/babel/babel,MIT,MIT,MIT,
@babel/highlight,7.14.5,/Users/luisherranz/Code/frontity-licenses/frontity-docs/node_modules/@babel/highlight,https://github.com/babel/babel,MIT,MIT,MIT,
@textlint/ast-node-types,4.4.3,/Users/luisherranz/Code/frontity-licenses/frontity-docs/node_modules/@textlint/ast-node-types,https://github.com/textlint/textlint,MIT,MIT,,MIT
@textlint/ast-tester,2.3.5,/Users/luisherranz/Code/frontity-licenses/frontity-docs/node_modules/@textlint/ast-tester,https://github.com/textlint/textlint,MIT,MIT,,MIT
@textlint/ast-traverse,2.3.5,/Users/luisherranz/Code/frontity-licenses/frontity-docs/node_modules/@textlint/ast-traverse,https://github.com/textlint/textlint,MIT,MIT,,MIT
@textlint/feature-flag,3.3.5,/Users/luisherranz/Code/frontity-licenses/frontity-docs/node_modules/@textlint/feature-flag,https://github.com/textlint/textlint,MIT,MIT,,MIT
@textlint/fixer-formatter,3.3.5,/Users/luisherranz/Code/frontity-licenses/frontity-docs/node_modules/@textlint/fixer-formatter,https://github.com/textlint/textlint,MIT,MIT,,MIT
@textlint/kernel,3.4.5,/Users/luisherranz/Code/frontity-licenses/frontity-docs/node_modules/@textlint/kernel,https://github.com/textlint/textlint,MIT,MIT,,MIT
@textlint/linter-formatter,3.3.5,/Users/luisherranz/Code/frontity-licenses/frontity-docs/node_modules/@textlint/linter-formatter,https://github.com/textlint/textlint,MIT,MIT,,MIT
@textlint/markdown-to-ast,6.3.5,/Users/luisherranz/Code/frontity-licenses/frontity-docs/node_modules/@textlint/markdown-to-ast,https://github.com/textlint/textlint,MIT,MIT,,MIT
@textlint/module-interop,1.2.5,/Users/luisherranz/Code/frontity-licenses/frontity-docs/node_modules/@textlint/module-interop,https://github.com/textlint/textlint,MIT,MIT,,MIT
@textlint/source-code-fixer,3.4.5,/Users/luisherranz/Code/frontity-licenses/frontity-docs/node_modules/@textlint/source-code-fixer,https://github.com/textlint/textlint,MIT,MIT,,MIT
@textlint/text-to-ast,3.3.5,/Users/luisherranz/Code/frontity-licenses/frontity-docs/node_modules/@textlint/text-to-ast,https://github.com/textlint/textlint,MIT,MIT,,MIT
@textlint/textlint-plugin-markdown,5.3.5,/Users/luisherranz/Code/frontity-licenses/frontity-docs/node_modules/@textlint/textlint-plugin-markdown,https://github.com/textlint/textlint,MIT,MIT,,MIT
@textlint/textlint-plugin-text,4.3.5,/Users/luisherranz/Code/frontity-licenses/frontity-docs/node_modules/@textlint/textlint-plugin-text,https://github.com/textlint/textlint,MIT,MIT,,MIT
@textlint/types,1.5.5,/Users/luisherranz/Code/frontity-licenses/frontity-docs/node_modules/@textlint/types,https://github.com/textlint/textlint,MIT,MIT,,MIT
@textlint/utils,1.2.5,/Users/luisherranz/Code/frontity-licenses/frontity-docs/node_modules/@textlint/utils,https://github.com/textlint/textlint,MIT,MIT,,MIT
@types/parse-json,4.0.0,/Users/luisherranz/Code/frontity-licenses/frontity-docs/node_modules/@types/parse-json,https://www.github.com/DefinitelyTyped/DefinitelyTyped,MIT,MIT,MIT,
aggregate-error,3.1.0,/Users/luisherranz/Code/frontity-licenses/frontity-docs/node_modules/aggregate-error,sindresorhus/aggregate-error,MIT,MIT,MIT,
ajv,4.11.8,/Users/luisherranz/Code/frontity-licenses/frontity-docs/node_modules/table/node_modules/ajv,(none),MIT,MIT,MIT,
ajv,6.12.6,/Users/luisherranz/Code/frontity-licenses/frontity-docs/node_modules/ajv,https://github.com/ajv-validator/ajv,MIT,MIT,MIT,
ajv-keywords,1.5.1,/Users/luisherranz/Code/frontity-licenses/frontity-docs/node_modules/ajv-keywords,https://github.com/epoberezkin/ajv-keywords,MIT,MIT,MIT,
ansi-colors,4.1.1,/Users/luisherranz/Code/frontity-licenses/frontity-docs/node_modules/ansi-colors,doowb/ansi-colors,MIT,MIT,MIT,
ansi-escapes,4.3.2,/Users/luisherranz/Code/frontity-licenses/frontity-docs/node_modules/ansi-escapes,sindresorhus/ansi-escapes,MIT,MIT,MIT,
ansi-red,0.1.1,/Users/luisherranz/Code/frontity-licenses/frontity-docs/node_modules/ansi-red,jonschlinkert/ansi-red,MIT,MIT,MIT,MIT
ansi-regex,2.1.1,/Users/luisherranz/Code/frontity-licenses/frontity-docs/node_modules/has-ansi/node_modules/ansi-regex,(none),MIT,MIT,MIT,MIT
ansi-regex,3.0.0,/Users/luisherranz/Code/frontity-licenses/frontity-docs/node_modules/table/node_modules/string-width/node_modules/ansi-regex,(none),MIT,MIT,MIT,MIT
ansi-regex,5.0.0,/Users/luisherranz/Code/frontity-licenses/frontity-docs/node_modules/ansi-regex,chalk/ansi-regex,MIT,MIT,MIT,
ansi-styles,2.2.1,/Users/luisherranz/Code/frontity-licenses/frontity-docs/node_modules/textlint/node_modules/ansi-styles,(none),MIT,MIT,MIT,MIT
ansi-styles,3.2.1,/Users/luisherranz/Code/frontity-licenses/frontity-docs/node_modules/@babel/highlight/node_modules/ansi-styles,(none),MIT,MIT,MIT,MIT
ansi-styles,4.3.0,/Users/luisherranz/Code/frontity-licenses/frontity-docs/node_modules/ansi-styles,chalk/ansi-styles,MIT,MIT,MIT,
ansi-wrap,0.1.0,/Users/luisherranz/Code/frontity-licenses/frontity-docs/node_modules/ansi-wrap,https://github.com/jonschlinkert/ansi-wrap,MIT,MIT,MIT,MIT
argparse,1.0.10,/Users/luisherranz/Code/frontity-licenses/frontity-docs/node_modules/argparse,nodeca/argparse,MIT,MIT,MIT,MIT
asn1,0.2.4,/Users/luisherranz/Code/frontity-licenses/frontity-docs/node_modules/asn1,http://github.com/joyent/node-asn1,MIT,MIT,,
assert-plus,1.0.0,/Users/luisherranz/Code/frontity-licenses/frontity-docs/node_modules/assert-plus,https://github.com/mcavage/node-assert-plus,MIT,MIT,,MIT
astral-regex,2.0.0,/Users/luisherranz/Code/frontity-licenses/frontity-docs/node_modules/astral-regex,kevva/astral-regex,MIT,MIT,MIT,MIT
async,3.2.0,/Users/luisherranz/Code/frontity-licenses/frontity-docs/node_modules/async,https://github.com/caolan/async,MIT,MIT,,
asynckit,0.4.0,/Users/luisherranz/Code/frontity-licenses/frontity-docs/node_modules/asynckit,https://github.com/alexindigo/asynckit,MIT,MIT,MIT,MIT
autolinker,0.28.1,/Users/luisherranz/Code/frontity-licenses/frontity-docs/node_modules/autolinker,http://github.com/gregjacobs/Autolinker.js,MIT,MIT,MIT,
aws-sign2,0.7.0,/Users/luisherranz/Code/frontity-licenses/frontity-docs/node_modules/aws-sign2,https://github.com/mikeal/aws-sign,Apache;Apache-2.0,Apache-2.0,Apache,
aws4,1.11.0,/Users/luisherranz/Code/frontity-licenses/frontity-docs/node_modules/aws4,github:mhart/aws4,MIT,MIT,,
bail,1.0.5,/Users/luisherranz/Code/frontity-licenses/frontity-docs/node_modules/bail,wooorm/bail,MIT,MIT,MIT,
balanced-match,1.0.2,/Users/luisherranz/Code/frontity-licenses/frontity-docs/node_modules/balanced-match,http://github.com/juliangruber/balanced-match,MIT,MIT,MIT,MIT
bcrypt-pbkdf,1.0.2,/Users/luisherranz/Code/frontity-licenses/frontity-docs/node_modules/bcrypt-pbkdf,http://github.com/joyent/node-bcrypt-pbkdf,BSD-3-Clause,BSD-3-Clause,,
boundary,1.0.1,/Users/luisherranz/Code/frontity-licenses/frontity-docs/node_modules/boundary,https://github.com/Constellation/boundary,BSD,BSD,,
brace-expansion,1.1.11,/Users/luisherranz/Code/frontity-licenses/frontity-docs/node_modules/brace-expansion,http://github.com/juliangruber/brace-expansion,MIT,MIT,MIT,MIT
braces,3.0.2,/Users/luisherranz/Code/frontity-licenses/frontity-docs/node_modules/braces,micromatch/braces,MIT,MIT,MIT,
buffer-from,1.1.2,/Users/luisherranz/Code/frontity-licenses/frontity-docs/node_modules/buffer-from,LinusU/buffer-from,MIT,MIT,MIT,
call-bind,1.0.2,/Users/luisherranz/Code/frontity-licenses/frontity-docs/node_modules/call-bind,https://github.com/ljharb/call-bind,MIT,MIT,MIT,
callsites,3.1.0,/Users/luisherranz/Code/frontity-licenses/frontity-docs/node_modules/callsites,sindresorhus/callsites,MIT,MIT,MIT,MIT
caseless,0.12.0,/Users/luisherranz/Code/frontity-licenses/frontity-docs/node_modules/caseless,https://github.com/mikeal/caseless,Apache;Apache-2.0,Apache-2.0,Apache,
chalk,1.1.3,/Users/luisherranz/Code/frontity-licenses/frontity-docs/node_modules/textlint/node_modules/chalk,(none),MIT,MIT,MIT,MIT
chalk,2.4.2,/Users/luisherranz/Code/frontity-licenses/frontity-docs/node_modules/@babel/highlight/node_modules/chalk,(none),MIT,MIT,MIT,MIT
chalk,4.1.2,/Users/luisherranz/Code/frontity-licenses/frontity-docs/node_modules/chalk,chalk/chalk,MIT,MIT,MIT,
character-entities,1.2.4,/Users/luisherranz/Code/frontity-licenses/frontity-docs/node_modules/character-entities,wooorm/character-entities,MIT,MIT,MIT,
character-entities-legacy,1.1.4,/Users/luisherranz/Code/frontity-licenses/frontity-docs/node_modules/character-entities-legacy,wooorm/character-entities-legacy,MIT,MIT,MIT,
character-reference-invalid,1.1.4,/Users/luisherranz/Code/frontity-licenses/frontity-docs/node_modules/character-reference-invalid,wooorm/character-reference-invalid,MIT,MIT,MIT,
charenc,0.0.2,/Users/luisherranz/Code/frontity-licenses/frontity-docs/node_modules/charenc,http://github.com/pvorb/node-charenc,BSD-3-Clause,BSD-3-Clause,,
ci-info,2.0.0,/Users/luisherranz/Code/frontity-licenses/frontity-docs/node_modules/ci-info,https://github.com/watson/ci-info,MIT,MIT,MIT,
clean-stack,2.2.0,/Users/luisherranz/Code/frontity-licenses/frontity-docs/node_modules/clean-stack,sindresorhus/clean-stack,MIT,MIT,MIT,MIT
cli-cursor,3.1.0,/Users/luisherranz/Code/frontity-licenses/frontity-docs/node_modules/cli-cursor,sindresorhus/cli-cursor,MIT,MIT,MIT,
cli-truncate,2.1.0,/Users/luisherranz/Code/frontity-licenses/frontity-docs/node_modules/cli-truncate,sindresorhus/cli-truncate,MIT,MIT,MIT,
co,4.6.0,/Users/luisherranz/Code/frontity-licenses/frontity-docs/node_modules/co,tj/co,MIT,MIT,MIT,MIT
code-point-at,1.1.0,/Users/luisherranz/Code/frontity-licenses/frontity-docs/node_modules/code-point-at,sindresorhus/code-point-at,MIT,MIT,MIT,MIT
coffee-script,1.12.7,/Users/luisherranz/Code/frontity-licenses/frontity-docs/node_modules/coffee-script,http://github.com/jashkenas/coffeescript,MIT,MIT,,
collapse-white-space,1.0.6,/Users/luisherranz/Code/frontity-licenses/frontity-docs/node_modules/collapse-white-space,wooorm/collapse-white-space,MIT,MIT,MIT,
color-convert,1.9.3,/Users/luisherranz/Code/frontity-licenses/frontity-docs/node_modules/@babel/highlight/node_modules/color-convert,(none),MIT,MIT,,
color-convert,2.0.1,/Users/luisherranz/Code/frontity-licenses/frontity-docs/node_modules/color-convert,Qix-/color-convert,MIT,MIT,,
color-name,1.1.3,/Users/luisherranz/Code/frontity-licenses/frontity-docs/node_modules/@babel/highlight/node_modules/color-name,(none),MIT,MIT,MIT,
color-name,1.1.4,/Users/luisherranz/Code/frontity-licenses/frontity-docs/node_modules/color-name,git@github.com:colorjs/color-name,MIT,MIT,MIT,
colorette,1.2.2,/Users/luisherranz/Code/frontity-licenses/frontity-docs/node_modules/colorette,jorgebucaran/colorette,MIT,MIT,,
combined-stream,1.0.8,/Users/luisherranz/Code/frontity-licenses/frontity-docs/node_modules/combined-stream,http://github.com/felixge/node-combined-stream,MIT,MIT,,MIT
commander,6.2.1,/Users/luisherranz/Code/frontity-licenses/frontity-docs/node_modules/commander,https://github.com/tj/commander.js,MIT,MIT,MIT,
compare-versions,3.6.0,/Users/luisherranz/Code/frontity-licenses/frontity-docs/node_modules/compare-versions,https://github.com/omichelsen/compare-versions,MIT,MIT,MIT,
concat-map,0.0.1,/Users/luisherranz/Code/frontity-licenses/frontity-docs/node_modules/concat-map,http://github.com/substack/node-concat-map,MIT,MIT,MIT,MIT
concat-stream,1.6.2,/Users/luisherranz/Code/frontity-licenses/frontity-docs/node_modules/concat-stream,http://github.com/maxogden/concat-stream,MIT,MIT,MIT,MIT
concat-with-sourcemaps,1.1.0,/Users/luisherranz/Code/frontity-licenses/frontity-docs/node_modules/concat-with-sourcemaps,http://github.com/floridoo/concat-with-sourcemaps,ISC,ISC,ISC,
core-util-is,1.0.2,/Users/luisherranz/Code/frontity-licenses/frontity-docs/node_modules/core-util-is,http://github.com/isaacs/core-util-is,MIT,MIT,,
cosmiconfig,7.0.0,/Users/luisherranz/Code/frontity-licenses/frontity-docs/node_modules/cosmiconfig,https://github.com/davidtheclark/cosmiconfig,MIT,MIT,MIT,
cross-spawn,7.0.3,/Users/luisherranz/Code/frontity-licenses/frontity-docs/node_modules/cross-spawn,git@github.com:moxystudio/node-cross-spawn,MIT,MIT,MIT,
crypt,0.0.2,/Users/luisherranz/Code/frontity-licenses/frontity-docs/node_modules/crypt,http://github.com/pvorb/node-crypt,BSD-3-Clause,BSD-3-Clause,,
dashdash,1.14.1,/Users/luisherranz/Code/frontity-licenses/frontity-docs/node_modules/dashdash,http://github.com/trentm/node-dashdash,MIT,MIT,MIT,
debug,4.3.2,/Users/luisherranz/Code/frontity-licenses/frontity-docs/node_modules/debug,http://github.com/visionmedia/debug,MIT,MIT,MIT,MIT
dedent,0.7.0,/Users/luisherranz/Code/frontity-licenses/frontity-docs/node_modules/dedent,http://github.com/dmnd/dedent,MIT,MIT,MIT,MIT
deep-equal,1.1.1,/Users/luisherranz/Code/frontity-licenses/frontity-docs/node_modules/deep-equal,http://github.com/substack/node-deep-equal,MIT,MIT,MIT,
deep-is,0.1.3,/Users/luisherranz/Code/frontity-licenses/frontity-docs/node_modules/deep-is,http://github.com/thlorenz/deep-is,MIT,MIT,MIT,MIT
define-properties,1.1.3,/Users/luisherranz/Code/frontity-licenses/frontity-docs/node_modules/define-properties,http://github.com/ljharb/define-properties,MIT,MIT,MIT,
delayed-stream,1.0.0,/Users/luisherranz/Code/frontity-licenses/frontity-docs/node_modules/delayed-stream,http://github.com/felixge/node-delayed-stream,MIT,MIT,,MIT
diacritics-map,0.1.0,/Users/luisherranz/Code/frontity-licenses/frontity-docs/node_modules/diacritics-map,jonschlinkert/diacrictics-map,MIT,MIT,MIT,
dictionary-en-au,2.3.0,/Users/luisherranz/Code/frontity-licenses/frontity-docs/node_modules/dictionary-en-au,https://github.com/wooorm/dictionaries/tree/main/dictionaries/en-AU,(MIT AND BSD);BSD;Public Domain,(MIT AND BSD),BSD;Public Domain,BSD
diff,4.0.2,/Users/luisherranz/Code/frontity-licenses/frontity-docs/node_modules/diff,http://github.com/kpdecker/jsdiff,BSD;BSD-3-Clause,BSD-3-Clause,BSD,
ecc-jsbn,0.1.2,/Users/luisherranz/Code/frontity-licenses/frontity-docs/node_modules/ecc-jsbn,https://github.com/quartzjer/ecc-jsbn,MIT,MIT,MIT,
emoji-regex,8.0.0,/Users/luisherranz/Code/frontity-licenses/frontity-docs/node_modules/emoji-regex,https://github.com/mathiasbynens/emoji-regex,MIT,MIT,,
end-of-stream,1.4.4,/Users/luisherranz/Code/frontity-licenses/frontity-docs/node_modules/end-of-stream,http://github.com/mafintosh/end-of-stream,MIT,MIT,MIT,MIT
enquirer,2.3.6,/Users/luisherranz/Code/frontity-licenses/frontity-docs/node_modules/enquirer,enquirer/enquirer,MIT,MIT,MIT,
error-ex,1.3.2,/Users/luisherranz/Code/frontity-licenses/frontity-docs/node_modules/error-ex,qix-/node-error-ex,MIT,MIT,MIT,
escape-string-regexp,1.0.5,/Users/luisherranz/Code/frontity-licenses/frontity-docs/node_modules/escape-string-regexp,sindresorhus/escape-string-regexp,MIT,MIT,MIT,MIT
esprima,4.0.1,/Users/luisherranz/Code/frontity-licenses/frontity-docs/node_modules/esprima,https://github.com/jquery/esprima,BSD;BSD-2-Clause,BSD-2-Clause,,BSD
execa,4.1.0,/Users/luisherranz/Code/frontity-licenses/frontity-docs/node_modules/execa,sindresorhus/execa,MIT,MIT,MIT,
expand-range,1.8.2,/Users/luisherranz/Code/frontity-licenses/frontity-docs/node_modules/expand-range,jonschlinkert/expand-range,MIT,MIT,MIT,
extend,3.0.2,/Users/luisherranz/Code/frontity-licenses/frontity-docs/node_modules/extend,https://github.com/justmoon/node-extend,MIT,MIT,MIT,
extend-shallow,2.0.1,/Users/luisherranz/Code/frontity-licenses/frontity-docs/node_modules/extend-shallow,jonschlinkert/extend-shallow,MIT,MIT,MIT,MIT
extsprintf,1.3.0,/Users/luisherranz/Code/frontity-licenses/frontity-docs/node_modules/extsprintf,http://github.com/davepacheco/node-extsprintf,MIT,MIT,,
fast-deep-equal,3.1.3,/Users/luisherranz/Code/frontity-licenses/frontity-docs/node_modules/fast-deep-equal,https://github.com/epoberezkin/fast-deep-equal,MIT,MIT,MIT,
fast-json-stable-stringify,2.1.0,/Users/luisherranz/Code/frontity-licenses/frontity-docs/node_modules/fast-json-stable-stringify,http://github.com/epoberezkin/fast-json-stable-stringify,MIT,MIT,MIT,
fast-levenshtein,2.0.6,/Users/luisherranz/Code/frontity-licenses/frontity-docs/node_modules/fast-levenshtein,https://github.com/hiddentao/fast-levenshtein,MIT,MIT,,MIT
fault,1.0.4,/Users/luisherranz/Code/frontity-licenses/frontity-docs/node_modules/fault,wooorm/fault,MIT,MIT,MIT,
file-entry-cache,5.0.1,/Users/luisherranz/Code/frontity-licenses/frontity-docs/node_modules/file-entry-cache,royriojas/file-entry-cache,MIT,MIT,MIT,MIT
fill-range,2.2.4,/Users/luisherranz/Code/frontity-licenses/frontity-docs/node_modules/fill-range,jonschlinkert/fill-range,MIT,MIT,MIT,
fill-range,7.0.1,/Users/luisherranz/Code/frontity-licenses/frontity-docs/node_modules/braces/node_modules/fill-range,(none),MIT,MIT,MIT,
find-up,2.1.0,/Users/luisherranz/Code/frontity-licenses/frontity-docs/node_modules/read-pkg-up/node_modules/find-up,(none),MIT,MIT,MIT,MIT
find-up,5.0.0,/Users/luisherranz/Code/frontity-licenses/frontity-docs/node_modules/find-up,sindresorhus/find-up,MIT,MIT,MIT,
find-versions,4.0.0,/Users/luisherranz/Code/frontity-licenses/frontity-docs/node_modules/find-versions,sindresorhus/find-versions,MIT,MIT,MIT,
flat-cache,2.0.1,/Users/luisherranz/Code/frontity-licenses/frontity-docs/node_modules/flat-cache,royriojas/flat-cache,MIT,MIT,MIT,MIT
flatted,2.0.2,/Users/luisherranz/Code/frontity-licenses/frontity-docs/node_modules/flatted,https://github.com/WebReflection/flatted,ISC,ISC,ISC,
for-in,1.0.2,/Users/luisherranz/Code/frontity-licenses/frontity-docs/node_modules/for-in,jonschlinkert/for-in,MIT,MIT,MIT,
forever-agent,0.6.1,/Users/luisherranz/Code/frontity-licenses/frontity-docs/node_modules/forever-agent,https://github.com/mikeal/forever-agent,Apache;Apache-2.0,Apache-2.0,Apache,
form-data,2.3.3,/Users/luisherranz/Code/frontity-licenses/frontity-docs/node_modules/form-data,http://github.com/form-data/form-data,MIT,MIT,,
format,0.2.2,/Users/luisherranz/Code/frontity-licenses/frontity-docs/node_modules/format,http://github.com/samsonjs/format,MIT,MIT,,
frontity-docs,1.0.0,/Users/luisherranz/Code/frontity-licenses/frontity-docs,https://github.com/frontity/docs,Apache-2.0,Apache-2.0,,
fs.realpath,1.0.0,/Users/luisherranz/Code/frontity-licenses/frontity-docs/node_modules/fs.realpath,https://github.com/isaacs/fs.realpath,ISC;MIT,ISC,ISC;MIT,
function-bind,1.1.1,/Users/luisherranz/Code/frontity-licenses/frontity-docs/node_modules/function-bind,http://github.com/Raynos/function-bind,MIT,MIT,,MIT
get-intrinsic,1.1.1,/Users/luisherranz/Code/frontity-licenses/frontity-docs/node_modules/get-intrinsic,https://github.com/ljharb/get-intrinsic,MIT,MIT,MIT,
get-own-enumerable-property-symbols,3.0.2,/Users/luisherranz/Code/frontity-licenses/frontity-docs/node_modules/get-own-enumerable-property-symbols,https://github.com/mightyiam/get-own-enumerable-property-symbols,ISC,ISC,,
get-stdin,5.0.1,/Users/luisherranz/Code/frontity-licenses/frontity-docs/node_modules/get-stdin,sindresorhus/get-stdin,MIT,MIT,MIT,MIT
get-stream,5.2.0,/Users/luisherranz/Code/frontity-licenses/frontity-docs/node_modules/get-stream,sindresorhus/get-stream,MIT,MIT,MIT,
getpass,0.1.7,/Users/luisherranz/Code/frontity-licenses/frontity-docs/node_modules/getpass,https://github.com/arekinath/node-getpass,MIT,MIT,,
glob,7.1.7,/Users/luisherranz/Code/frontity-licenses/frontity-docs/node_modules/glob,http://github.com/isaacs/node-glob,ISC,ISC,ISC,
graceful-fs,4.2.6,/Users/luisherranz/Code/frontity-licenses/frontity-docs/node_modules/graceful-fs,https://github.com/isaacs/node-graceful-fs,ISC,ISC,ISC,
gray-matter,2.1.1,/Users/luisherranz/Code/frontity-licenses/frontity-docs/node_modules/gray-matter,jonschlinkert/gray-matter,MIT,MIT,MIT,
gulp-header,1.8.12,/Users/luisherranz/Code/frontity-licenses/frontity-docs/node_modules/gulp-header,http://github.com/tracker1/gulp-header,MIT,MIT,MIT,
har-schema,2.0.0,/Users/luisherranz/Code/frontity-licenses/frontity-docs/node_modules/har-schema,https://github.com/ahmadnassri/har-schema,ISC,ISC,,
har-validator,5.1.5,/Users/luisherranz/Code/frontity-licenses/frontity-docs/node_modules/har-validator,https://github.com/ahmadnassri/node-har-validator,MIT,MIT,MIT,
has,1.0.3,/Users/luisherranz/Code/frontity-licenses/frontity-docs/node_modules/has,http://github.com/tarruda/has,MIT,MIT,,
has-ansi,2.0.0,/Users/luisherranz/Code/frontity-licenses/frontity-docs/node_modules/has-ansi,sindresorhus/has-ansi,MIT,MIT,MIT,MIT
has-flag,3.0.0,/Users/luisherranz/Code/frontity-licenses/frontity-docs/node_modules/@babel/highlight/node_modules/has-flag,(none),MIT,MIT,MIT,MIT
has-flag,4.0.0,/Users/luisherranz/Code/frontity-licenses/frontity-docs/node_modules/has-flag,sindresorhus/has-flag,MIT,MIT,MIT,MIT
has-symbols,1.0.2,/Users/luisherranz/Code/frontity-licenses/frontity-docs/node_modules/has-symbols,http://github.com/inspect-js/has-symbols,MIT,MIT,MIT,
hosted-git-info,2.8.9,/Users/luisherranz/Code/frontity-licenses/frontity-docs/node_modules/hosted-git-info,https://github.com/npm/hosted-git-info,ISC,ISC,,
http-signature,1.2.0,/Users/luisherranz/Code/frontity-licenses/frontity-docs/node_modules/http-signature,http://github.com/joyent/node-http-signature,MIT,MIT,,
human-signals,1.1.1,/Users/luisherranz/Code/frontity-licenses/frontity-docs/node_modules/human-signals,ehmicky/human-signals,Apache;Apache-2.0,Apache-2.0,Apache,
husky,4.3.8,/Users/luisherranz/Code/frontity-licenses/frontity-docs/node_modules/husky,https://github.com/typicode/husky,MIT,MIT,MIT,MIT
import-fresh,3.3.0,/Users/luisherranz/Code/frontity-licenses/frontity-docs/node_modules/import-fresh,sindresorhus/import-fresh,MIT,MIT,MIT,
indent-string,4.0.0,/Users/luisherranz/Code/frontity-licenses/frontity-docs/node_modules/indent-string,sindresorhus/indent-string,MIT,MIT,MIT,MIT
inflight,1.0.6,/Users/luisherranz/Code/frontity-licenses/frontity-docs/node_modules/inflight,https://github.com/npm/inflight,ISC,ISC,ISC,
inherits,2.0.4,/Users/luisherranz/Code/frontity-licenses/frontity-docs/node_modules/inherits,http://github.com/isaacs/inherits,ISC,ISC,ISC,
is-absolute-url,3.0.3,/Users/luisherranz/Code/frontity-licenses/frontity-docs/node_modules/is-absolute-url,sindresorhus/is-absolute-url,MIT,MIT,MIT,
is-alphabetical,1.0.4,/Users/luisherranz/Code/frontity-licenses/frontity-docs/node_modules/is-alphabetical,wooorm/is-alphabetical,MIT,MIT,MIT,
is-alphanumerical,1.0.4,/Users/luisherranz/Code/frontity-licenses/frontity-docs/node_modules/is-alphanumerical,wooorm/is-alphanumerical,MIT,MIT,MIT,
is-arguments,1.1.0,/Users/luisherranz/Code/frontity-licenses/frontity-docs/node_modules/is-arguments,http://github.com/inspect-js/is-arguments,MIT,MIT,MIT,
is-arrayish,0.2.1,/Users/luisherranz/Code/frontity-licenses/frontity-docs/node_modules/is-arrayish,https://github.com/qix-/node-is-arrayish,MIT,MIT,MIT,
is-buffer,1.1.6,/Users/luisherranz/Code/frontity-licenses/frontity-docs/node_modules/is-buffer,http://github.com/feross/is-buffer,MIT,MIT,MIT,
is-core-module,2.5.0,/Users/luisherranz/Code/frontity-licenses/frontity-docs/node_modules/is-core-module,https://github.com/inspect-js/is-core-module,MIT,MIT,MIT,
is-date-object,1.0.4,/Users/luisherranz/Code/frontity-licenses/frontity-docs/node_modules/is-date-object,http://github.com/inspect-js/is-date-object,MIT,MIT,MIT,
is-decimal,1.0.4,/Users/luisherranz/Code/frontity-licenses/frontity-docs/node_modules/is-decimal,wooorm/is-decimal,MIT,MIT,MIT,
is-extendable,0.1.1,/Users/luisherranz/Code/frontity-licenses/frontity-docs/node_modules/is-extendable,jonschlinkert/is-extendable,MIT,MIT,MIT,MIT
is-extendable,1.0.1,/Users/luisherranz/Code/frontity-licenses/frontity-docs/node_modules/mixin-deep/node_modules/is-extendable,(none),MIT,MIT,MIT,
is-file,1.0.0,/Users/luisherranz/Code/frontity-licenses/frontity-docs/node_modules/is-file,https://github.com/jsdevel/node-is-file,MIT,MIT,MIT,MIT
is-fullwidth-code-point,1.0.0,/Users/luisherranz/Code/frontity-licenses/frontity-docs/node_modules/@textlint/fixer-formatter/node_modules/is-fullwidth-code-point,(none),MIT,MIT,MIT,MIT
is-fullwidth-code-point,2.0.0,/Users/luisherranz/Code/frontity-licenses/frontity-docs/node_modules/table/node_modules/is-fullwidth-code-point,(none),MIT,MIT,MIT,MIT
is-fullwidth-code-point,3.0.0,/Users/luisherranz/Code/frontity-licenses/frontity-docs/node_modules/is-fullwidth-code-point,sindresorhus/is-fullwidth-code-point,MIT,MIT,MIT,MIT
is-hexadecimal,1.0.4,/Users/luisherranz/Code/frontity-licenses/frontity-docs/node_modules/is-hexadecimal,wooorm/is-hexadecimal,MIT,MIT,MIT,
is-number,2.1.0,/Users/luisherranz/Code/frontity-licenses/frontity-docs/node_modules/is-number,jonschlinkert/is-number,MIT,MIT,MIT,MIT
is-number,4.0.0,/Users/luisherranz/Code/frontity-licenses/frontity-docs/node_modules/randomatic/node_modules/is-number,(none),MIT,MIT,MIT,
is-number,7.0.0,/Users/luisherranz/Code/frontity-licenses/frontity-docs/node_modules/to-regex-range/node_modules/is-number,(none),MIT,MIT,MIT,
is-obj,1.0.1,/Users/luisherranz/Code/frontity-licenses/frontity-docs/node_modules/is-obj,sindresorhus/is-obj,MIT,MIT,MIT,MIT
is-plain-obj,1.1.0,/Users/luisherranz/Code/frontity-licenses/frontity-docs/node_modules/is-plain-obj,sindresorhus/is-plain-obj,MIT,MIT,MIT,MIT
is-plain-object,2.0.4,/Users/luisherranz/Code/frontity-licenses/frontity-docs/node_modules/is-plain-object,jonschlinkert/is-plain-object,MIT,MIT,MIT,
is-regex,1.1.3,/Users/luisherranz/Code/frontity-licenses/frontity-docs/node_modules/is-regex,http://github.com/inspect-js/is-regex,MIT,MIT,MIT,
is-regexp,1.0.0,/Users/luisherranz/Code/frontity-licenses/frontity-docs/node_modules/is-regexp,sindresorhus/is-regexp,MIT,MIT,,MIT
is-relative-url,3.0.0,/Users/luisherranz/Code/frontity-licenses/frontity-docs/node_modules/is-relative-url,sindresorhus/is-relative-url,MIT,MIT,MIT,MIT
is-stream,2.0.1,/Users/luisherranz/Code/frontity-licenses/frontity-docs/node_modules/is-stream,sindresorhus/is-stream,MIT,MIT,MIT,
is-typedarray,1.0.0,/Users/luisherranz/Code/frontity-licenses/frontity-docs/node_modules/is-typedarray,http://github.com/hughsk/is-typedarray,MIT,MIT,MIT,
is-unicode-supported,0.1.0,/Users/luisherranz/Code/frontity-licenses/frontity-docs/node_modules/is-unicode-supported,sindresorhus/is-unicode-supported,MIT,MIT,MIT,
is-utf8,0.2.1,/Users/luisherranz/Code/frontity-licenses/frontity-docs/node_modules/is-utf8,https://github.com/wayfind/is-utf8,MIT,MIT,MIT,
is-whitespace-character,1.0.4,/Users/luisherranz/Code/frontity-licenses/frontity-docs/node_modules/is-whitespace-character,wooorm/is-whitespace-character,MIT,MIT,MIT,
is-word-character,1.0.4,/Users/luisherranz/Code/frontity-licenses/frontity-docs/node_modules/is-word-character,wooorm/is-word-character,MIT,MIT,MIT,
isarray,1.0.0,/Users/luisherranz/Code/frontity-licenses/frontity-docs/node_modules/isarray,http://github.com/juliangruber/isarray,MIT,MIT,,MIT
isemail,3.2.0,/Users/luisherranz/Code/frontity-licenses/frontity-docs/node_modules/isemail,http://github.com/hapijs/isemail,BSD-3-Clause,BSD-3-Clause,,
isexe,2.0.0,/Users/luisherranz/Code/frontity-licenses/frontity-docs/node_modules/isexe,https://github.com/isaacs/isexe,ISC,ISC,ISC,
isobject,2.1.0,/Users/luisherranz/Code/frontity-licenses/frontity-docs/node_modules/isobject,jonschlinkert/isobject,MIT,MIT,MIT,
isobject,3.0.1,/Users/luisherranz/Code/frontity-licenses/frontity-docs/node_modules/object.pick/node_modules/isobject,(none),MIT,MIT,MIT,
isstream,0.1.2,/Users/luisherranz/Code/frontity-licenses/frontity-docs/node_modules/isstream,https://github.com/rvagg/isstream,MIT,MIT,MIT,MIT
js-tokens,4.0.0,/Users/luisherranz/Code/frontity-licenses/frontity-docs/node_modules/js-tokens,lydell/js-tokens,MIT,MIT,MIT,
js-yaml,3.14.1,/Users/luisherranz/Code/frontity-licenses/frontity-docs/node_modules/js-yaml,nodeca/js-yaml,MIT,MIT,MIT,
jsbn,0.1.1,/Users/luisherranz/Code/frontity-licenses/frontity-docs/node_modules/jsbn,https://github.com/andyperlitch/jsbn,MIT,MIT,,
json-parse-better-errors,1.0.2,/Users/luisherranz/Code/frontity-licenses/frontity-docs/node_modules/json-parse-better-errors,https://github.com/zkat/json-parse-better-errors,MIT,MIT,,
json-parse-even-better-errors,2.3.1,/Users/luisherranz/Code/frontity-licenses/frontity-docs/node_modules/json-parse-even-better-errors,https://github.com/npm/json-parse-even-better-errors,MIT,MIT,MIT,
json-schema,0.2.3,/Users/luisherranz/Code/frontity-licenses/frontity-docs/node_modules/json-schema,http://github.com/kriszyp/json-schema,AFLv2.1;AFLv2.1/BSD;BSD,AFLv2.1;AFLv2.1/BSD;BSD,,BSD
json-schema-traverse,0.4.1,/Users/luisherranz/Code/frontity-licenses/frontity-docs/node_modules/json-schema-traverse,https://github.com/epoberezkin/json-schema-traverse,MIT,MIT,MIT,
json-stable-stringify,1.0.1,/Users/luisherranz/Code/frontity-licenses/frontity-docs/node_modules/json-stable-stringify,http://github.com/substack/json-stable-stringify,MIT,MIT,MIT,MIT
json-stringify-safe,5.0.1,/Users/luisherranz/Code/frontity-licenses/frontity-docs/node_modules/json-stringify-safe,http://github.com/isaacs/json-stringify-safe,ISC,ISC,ISC,
json5,2.2.0,/Users/luisherranz/Code/frontity-licenses/frontity-docs/node_modules/json5,https://github.com/json5/json5,MIT,MIT,MIT,
jsonify,0.0.0,/Users/luisherranz/Code/frontity-licenses/frontity-docs/node_modules/jsonify,http://github.com/substack/jsonify,Public Domain,Public Domain,,
jsprim,1.4.1,/Users/luisherranz/Code/frontity-licenses/frontity-docs/node_modules/jsprim,http://github.com/joyent/node-jsprim,MIT,MIT,,
kind-of,3.2.2,/Users/luisherranz/Code/frontity-licenses/frontity-docs/node_modules/kind-of,jonschlinkert/kind-of,MIT,MIT,MIT,
kind-of,6.0.3,/Users/luisherranz/Code/frontity-licenses/frontity-docs/node_modules/randomatic/node_modules/kind-of,(none),MIT,MIT,MIT,
lazy-cache,2.0.2,/Users/luisherranz/Code/frontity-licenses/frontity-docs/node_modules/lazy-cache,jonschlinkert/lazy-cache,MIT,MIT,MIT,
levn,0.4.1,/Users/luisherranz/Code/frontity-licenses/frontity-docs/node_modules/levn,http://github.com/gkz/levn,MIT,MIT,,MIT
lines-and-columns,1.1.6,/Users/luisherranz/Code/frontity-licenses/frontity-docs/node_modules/lines-and-columns,https://github.com/eventualbuddha/lines-and-columns,MIT,MIT,MIT,MIT
link-check,4.5.4,/Users/luisherranz/Code/frontity-licenses/frontity-docs/node_modules/link-check,http://github.com/tcort/link-check,ISC,ISC,,
lint-staged,10.5.4,/Users/luisherranz/Code/frontity-licenses/frontity-docs/node_modules/lint-staged,https://github.com/okonet/lint-staged,MIT,MIT,MIT,
list-item,1.1.1,/Users/luisherranz/Code/frontity-licenses/frontity-docs/node_modules/list-item,jonschlinkert/list-item,MIT,MIT,MIT,MIT
listr2,3.11.0,/Users/luisherranz/Code/frontity-licenses/frontity-docs/node_modules/listr2,https://github.com/cenk1cenk2/listr2,MIT,MIT,MIT,
load-json-file,1.1.0,/Users/luisherranz/Code/frontity-licenses/frontity-docs/node_modules/load-json-file,sindresorhus/load-json-file,MIT,MIT,MIT,MIT
load-json-file,4.0.0,/Users/luisherranz/Code/frontity-licenses/frontity-docs/node_modules/read-pkg-up/node_modules/load-json-file,(none),MIT,MIT,MIT,MIT
locate-path,2.0.0,/Users/luisherranz/Code/frontity-licenses/frontity-docs/node_modules/read-pkg-up/node_modules/locate-path,(none),MIT,MIT,MIT,MIT
locate-path,6.0.0,/Users/luisherranz/Code/frontity-licenses/frontity-docs/node_modules/locate-path,sindresorhus/locate-path,MIT,MIT,MIT,
lodash,4.17.21,/Users/luisherranz/Code/frontity-licenses/frontity-docs/node_modules/lodash,lodash/lodash,MIT,MIT,,
lodash._reinterpolate,3.0.0,/Users/luisherranz/Code/frontity-licenses/frontity-docs/node_modules/lodash._reinterpolate,lodash/lodash,MIT,MIT,,
lodash.template,4.5.0,/Users/luisherranz/Code/frontity-licenses/frontity-docs/node_modules/lodash.template,lodash/lodash,MIT,MIT,,
lodash.templatesettings,4.2.0,/Users/luisherranz/Code/frontity-licenses/frontity-docs/node_modules/lodash.templatesettings,lodash/lodash,MIT,MIT,,
log-symbols,1.0.2,/Users/luisherranz/Code/frontity-licenses/frontity-docs/node_modules/textlint/node_modules/log-symbols,(none),MIT,MIT,MIT,MIT
log-symbols,4.1.0,/Users/luisherranz/Code/frontity-licenses/frontity-docs/node_modules/log-symbols,sindresorhus/log-symbols,MIT,MIT,MIT,
log-update,4.0.0,/Users/luisherranz/Code/frontity-licenses/frontity-docs/node_modules/log-update,sindresorhus/log-update,MIT,MIT,MIT,
map-like,2.0.0,/Users/luisherranz/Code/frontity-licenses/frontity-docs/node_modules/map-like,https://github.com/azu/map-like,MIT,MIT,,MIT
markdown-escapes,1.0.4,/Users/luisherranz/Code/frontity-licenses/frontity-docs/node_modules/markdown-escapes,wooorm/markdown-escapes,MIT,MIT,MIT,
markdown-link,0.1.1,/Users/luisherranz/Code/frontity-licenses/frontity-docs/node_modules/markdown-link,http://github.com/jonschlinkert/markdown-link,MIT,MIT,MIT,MIT
markdown-link-check,3.8.7,/Users/luisherranz/Code/frontity-licenses/frontity-docs/node_modules/markdown-link-check,http://github.com/tcort/markdown-link-check,ISC,ISC,,
markdown-link-extractor,1.3.0,/Users/luisherranz/Code/frontity-licenses/frontity-docs/node_modules/markdown-link-extractor,http://github.com/tcort/markdown-link-extractor,ISC,ISC,,
markdown-toc,1.2.0,/Users/luisherranz/Code/frontity-licenses/frontity-docs/node_modules/markdown-toc,jonschlinkert/markdown-toc,MIT,MIT,MIT,
marked,2.1.3,/Users/luisherranz/Code/frontity-licenses/frontity-docs/node_modules/marked,http://github.com/markedjs/marked,MIT,MIT,MIT,
math-random,1.0.4,/Users/luisherranz/Code/frontity-licenses/frontity-docs/node_modules/math-random,github:michaelrhodes/math-random,MIT,MIT,,
md5,2.3.0,/Users/luisherranz/Code/frontity-licenses/frontity-docs/node_modules/md5,http://github.com/pvorb/node-md5,BSD-3-Clause,BSD-3-Clause,,
merge-stream,2.0.0,/Users/luisherranz/Code/frontity-licenses/frontity-docs/node_modules/merge-stream,grncdr/merge-stream,MIT,MIT,MIT,MIT
micromatch,4.0.4,/Users/luisherranz/Code/frontity-licenses/frontity-docs/node_modules/micromatch,micromatch/micromatch,MIT,MIT,MIT,
mime-db,1.49.0,/Users/luisherranz/Code/frontity-licenses/frontity-docs/node_modules/mime-db,jshttp/mime-db,MIT,MIT,MIT,
mime-types,2.1.32,/Users/luisherranz/Code/frontity-licenses/frontity-docs/node_modules/mime-types,jshttp/mime-types,MIT,MIT,MIT,
mimic-fn,2.1.0,/Users/luisherranz/Code/frontity-licenses/frontity-docs/node_modules/mimic-fn,sindresorhus/mimic-fn,MIT,MIT,MIT,MIT
minimatch,3.0.4,/Users/luisherranz/Code/frontity-licenses/frontity-docs/node_modules/minimatch,http://github.com/isaacs/minimatch,ISC,ISC,ISC,
minimist,1.2.5,/Users/luisherranz/Code/frontity-licenses/frontity-docs/node_modules/minimist,http://github.com/substack/minimist,MIT,MIT,MIT,MIT
mixin-deep,1.3.2,/Users/luisherranz/Code/frontity-licenses/frontity-docs/node_modules/mixin-deep,jonschlinkert/mixin-deep,MIT,MIT,MIT,
mkdirp,0.5.5,/Users/luisherranz/Code/frontity-licenses/frontity-docs/node_modules/mkdirp,https://github.com/substack/node-mkdirp,MIT,MIT,,MIT
ms,2.1.2,/Users/luisherranz/Code/frontity-licenses/frontity-docs/node_modules/ms,zeit/ms,MIT,MIT,MIT,
normalize-package-data,2.5.0,/Users/luisherranz/Code/frontity-licenses/frontity-docs/node_modules/normalize-package-data,http://github.com/npm/normalize-package-data,BSD;BSD-2-Clause,BSD-2-Clause,BSD,
normalize-path,3.0.0,/Users/luisherranz/Code/frontity-licenses/frontity-docs/node_modules/normalize-path,jonschlinkert/normalize-path,MIT,MIT,MIT,
npm-run-path,4.0.1,/Users/luisherranz/Code/frontity-licenses/frontity-docs/node_modules/npm-run-path,sindresorhus/npm-run-path,MIT,MIT,MIT,
number-is-nan,1.0.1,/Users/luisherranz/Code/frontity-licenses/frontity-docs/node_modules/number-is-nan,sindresorhus/number-is-nan,MIT,MIT,MIT,MIT
oauth-sign,0.9.0,/Users/luisherranz/Code/frontity-licenses/frontity-docs/node_modules/oauth-sign,https://github.com/mikeal/oauth-sign,Apache;Apache-2.0,Apache-2.0,Apache,
object-is,1.1.5,/Users/luisherranz/Code/frontity-licenses/frontity-docs/node_modules/object-is,http://github.com/es-shims/object-is,MIT,MIT,MIT,
object-keys,1.1.1,/Users/luisherranz/Code/frontity-licenses/frontity-docs/node_modules/object-keys,http://github.com/ljharb/object-keys,MIT,MIT,MIT,
object.pick,1.3.0,/Users/luisherranz/Code/frontity-licenses/frontity-docs/node_modules/object.pick,jonschlinkert/object.pick,MIT,MIT,MIT,
once,1.4.0,/Users/luisherranz/Code/frontity-licenses/frontity-docs/node_modules/once,http://github.com/isaacs/once,ISC,ISC,ISC,
onetime,5.1.2,/Users/luisherranz/Code/frontity-licenses/frontity-docs/node_modules/onetime,sindresorhus/onetime,MIT,MIT,MIT,
opencollective-postinstall,2.0.3,/Users/luisherranz/Code/frontity-licenses/frontity-docs/node_modules/opencollective-postinstall,https://github.com/opencollective/opencollective-postinstall,MIT,MIT,MIT,
optionator,0.9.1,/Users/luisherranz/Code/frontity-licenses/frontity-docs/node_modules/optionator,http://github.com/gkz/optionator,MIT,MIT,,MIT
p-limit,1.3.0,/Users/luisherranz/Code/frontity-licenses/frontity-docs/node_modules/read-pkg-up/node_modules/p-limit,(none),MIT,MIT,MIT,MIT
p-limit,3.1.0,/Users/luisherranz/Code/frontity-licenses/frontity-docs/node_modules/p-limit,sindresorhus/p-limit,MIT,MIT,MIT,
p-locate,2.0.0,/Users/luisherranz/Code/frontity-licenses/frontity-docs/node_modules/read-pkg-up/node_modules/p-locate,(none),MIT,MIT,MIT,MIT
p-locate,5.0.0,/Users/luisherranz/Code/frontity-licenses/frontity-docs/node_modules/p-locate,sindresorhus/p-locate,MIT,MIT,MIT,
p-map,4.0.0,/Users/luisherranz/Code/frontity-licenses/frontity-docs/node_modules/p-map,sindresorhus/p-map,MIT,MIT,MIT,
p-try,1.0.0,/Users/luisherranz/Code/frontity-licenses/frontity-docs/node_modules/p-try,sindresorhus/p-try,MIT,MIT,MIT,MIT
parent-module,1.0.1,/Users/luisherranz/Code/frontity-licenses/frontity-docs/node_modules/parent-module,sindresorhus/parent-module,MIT,MIT,MIT,MIT
parse-entities,1.2.2,/Users/luisherranz/Code/frontity-licenses/frontity-docs/node_modules/parse-entities,wooorm/parse-entities,MIT,MIT,MIT,
parse-json,2.2.0,/Users/luisherranz/Code/frontity-licenses/frontity-docs/node_modules/load-json-file/node_modules/parse-json,(none),MIT,MIT,MIT,MIT
parse-json,4.0.0,/Users/luisherranz/Code/frontity-licenses/frontity-docs/node_modules/read-pkg-up/node_modules/parse-json,(none),MIT,MIT,MIT,MIT
parse-json,5.2.0,/Users/luisherranz/Code/frontity-licenses/frontity-docs/node_modules/parse-json,sindresorhus/parse-json,MIT,MIT,MIT,
path-exists,3.0.0,/Users/luisherranz/Code/frontity-licenses/frontity-docs/node_modules/read-pkg-up/node_modules/path-exists,(none),MIT,MIT,MIT,MIT
path-exists,4.0.0,/Users/luisherranz/Code/frontity-licenses/frontity-docs/node_modules/path-exists,sindresorhus/path-exists,MIT,MIT,MIT,MIT
path-is-absolute,1.0.1,/Users/luisherranz/Code/frontity-licenses/frontity-docs/node_modules/path-is-absolute,sindresorhus/path-is-absolute,MIT,MIT,MIT,MIT
path-key,3.1.1,/Users/luisherranz/Code/frontity-licenses/frontity-docs/node_modules/path-key,sindresorhus/path-key,MIT,MIT,MIT,
path-parse,1.0.7,/Users/luisherranz/Code/frontity-licenses/frontity-docs/node_modules/path-parse,https://github.com/jbgutierrez/path-parse,MIT,MIT,MIT,MIT
path-to-glob-pattern,1.0.2,/Users/luisherranz/Code/frontity-licenses/frontity-docs/node_modules/path-to-glob-pattern,https://github.com/azu/path-to-glob-pattern,MIT,MIT,,MIT
path-type,1.1.0,/Users/luisherranz/Code/frontity-licenses/frontity-docs/node_modules/read-pkg/node_modules/path-type,(none),MIT,MIT,MIT,MIT
path-type,3.0.0,/Users/luisherranz/Code/frontity-licenses/frontity-docs/node_modules/read-pkg-up/node_modules/path-type,(none),MIT,MIT,MIT,MIT
path-type,4.0.0,/Users/luisherranz/Code/frontity-licenses/frontity-docs/node_modules/path-type,sindresorhus/path-type,MIT,MIT,MIT,MIT
performance-now,2.1.0,/Users/luisherranz/Code/frontity-licenses/frontity-docs/node_modules/performance-now,http://github.com/braveg1rl/performance-now,MIT,MIT,,
picomatch,2.3.0,/Users/luisherranz/Code/frontity-licenses/frontity-docs/node_modules/picomatch,micromatch/picomatch,MIT,MIT,MIT,
pify,2.3.0,/Users/luisherranz/Code/frontity-licenses/frontity-docs/node_modules/pify,sindresorhus/pify,MIT,MIT,MIT,MIT
pify,3.0.0,/Users/luisherranz/Code/frontity-licenses/frontity-docs/node_modules/read-pkg-up/node_modules/pify,(none),MIT,MIT,MIT,MIT
pinkie,2.0.4,/Users/luisherranz/Code/frontity-licenses/frontity-docs/node_modules/pinkie,floatdrop/pinkie,MIT,MIT,MIT,MIT
pinkie-promise,2.0.1,/Users/luisherranz/Code/frontity-licenses/frontity-docs/node_modules/pinkie-promise,floatdrop/pinkie-promise,MIT,MIT,MIT,MIT
pkg-dir,5.0.0,/Users/luisherranz/Code/frontity-licenses/frontity-docs/node_modules/pkg-dir,sindresorhus/pkg-dir,MIT,MIT,MIT,
please-upgrade-node,3.2.0,/Users/luisherranz/Code/frontity-licenses/frontity-docs/node_modules/please-upgrade-node,https://github.com/typicode/please-upgrade-node,MIT,MIT,MIT,MIT
pluralize,2.0.0,/Users/luisherranz/Code/frontity-licenses/frontity-docs/node_modules/pluralize,https://github.com/blakeembrey/pluralize,MIT,MIT,MIT,MIT
prelude-ls,1.2.1,/Users/luisherranz/Code/frontity-licenses/frontity-docs/node_modules/prelude-ls,http://github.com/gkz/prelude-ls,MIT,MIT,,
prettier,2.3.2,/Users/luisherranz/Code/frontity-licenses/frontity-docs/node_modules/prettier,prettier/prettier,MIT,MIT,,
process-nextick-args,2.0.1,/Users/luisherranz/Code/frontity-licenses/frontity-docs/node_modules/process-nextick-args,https://github.com/calvinmetcalf/process-nextick-args,MIT,MIT,,
progress,2.0.3,/Users/luisherranz/Code/frontity-licenses/frontity-docs/node_modules/progress,http://github.com/visionmedia/node-progress,MIT,MIT,MIT,MIT
psl,1.8.0,/Users/luisherranz/Code/frontity-licenses/frontity-docs/node_modules/psl,git@github.com:lupomontero/psl,MIT,MIT,MIT,MIT
pump,3.0.0,/Users/luisherranz/Code/frontity-licenses/frontity-docs/node_modules/pump,http://github.com/mafintosh/pump,MIT,MIT,MIT,MIT
punycode,2.1.1,/Users/luisherranz/Code/frontity-licenses/frontity-docs/node_modules/punycode,https://github.com/bestiejs/punycode.js,MIT,MIT,,
qs,6.5.2,/Users/luisherranz/Code/frontity-licenses/frontity-docs/node_modules/qs,https://github.com/ljharb/qs,BSD-3-Clause,BSD-3-Clause,,
randomatic,3.1.1,/Users/luisherranz/Code/frontity-licenses/frontity-docs/node_modules/randomatic,jonschlinkert/randomatic,MIT,MIT,MIT,
rc-config-loader,3.0.0,/Users/luisherranz/Code/frontity-licenses/frontity-docs/node_modules/rc-config-loader,https://github.com/azu/rc-config-loader,MIT,MIT,,MIT
read-pkg,1.1.0,/Users/luisherranz/Code/frontity-licenses/frontity-docs/node_modules/read-pkg,sindresorhus/read-pkg,MIT,MIT,MIT,MIT
read-pkg,3.0.0,/Users/luisherranz/Code/frontity-licenses/frontity-docs/node_modules/read-pkg-up/node_modules/read-pkg,(none),MIT,MIT,MIT,MIT
read-pkg-up,3.0.0,/Users/luisherranz/Code/frontity-licenses/frontity-docs/node_modules/read-pkg-up,sindresorhus/read-pkg-up,MIT,MIT,MIT,MIT
readable-stream,2.3.7,/Users/luisherranz/Code/frontity-licenses/frontity-docs/node_modules/readable-stream,http://github.com/nodejs/readable-stream,MIT,MIT,,
regexp.prototype.flags,1.3.1,/Users/luisherranz/Code/frontity-licenses/frontity-docs/node_modules/regexp.prototype.flags,http://github.com/es-shims/RegExp.prototype.flags,MIT,MIT,MIT,
remark-frontmatter,1.3.3,/Users/luisherranz/Code/frontity-licenses/frontity-docs/node_modules/remark-frontmatter,remarkjs/remark-frontmatter,MIT,MIT,MIT,
remark-parse,5.0.0,/Users/luisherranz/Code/frontity-licenses/frontity-docs/node_modules/remark-parse,https://github.com/remarkjs/remark/tree/master/packages/remark-parse,MIT,MIT,,
remarkable,1.7.4,/Users/luisherranz/Code/frontity-licenses/frontity-docs/node_modules/remarkable,jonschlinkert/remarkable,MIT,MIT,MIT,
repeat-element,1.1.4,/Users/luisherranz/Code/frontity-licenses/frontity-docs/node_modules/repeat-element,jonschlinkert/repeat-element,MIT,MIT,MIT,
repeat-string,1.6.1,/Users/luisherranz/Code/frontity-licenses/frontity-docs/node_modules/repeat-string,jonschlinkert/repeat-string,MIT,MIT,MIT,
replace-ext,1.0.0,/Users/luisherranz/Code/frontity-licenses/frontity-docs/node_modules/replace-ext,gulpjs/replace-ext,MIT,MIT,MIT,MIT
request,2.88.2,/Users/luisherranz/Code/frontity-licenses/frontity-docs/node_modules/request,https://github.com/request/request,Apache;Apache-2.0,Apache-2.0,Apache,
require-from-string,2.0.2,/Users/luisherranz/Code/frontity-licenses/frontity-docs/node_modules/require-from-string,floatdrop/require-from-string,MIT,MIT,MIT,MIT
resolve,1.20.0,/Users/luisherranz/Code/frontity-licenses/frontity-docs/node_modules/resolve,http://github.com/browserify/resolve,MIT,MIT,MIT,MIT
resolve-from,4.0.0,/Users/luisherranz/Code/frontity-licenses/frontity-docs/node_modules/resolve-from,sindresorhus/resolve-from,MIT,MIT,MIT,MIT
restore-cursor,3.1.0,/Users/luisherranz/Code/frontity-licenses/frontity-docs/node_modules/restore-cursor,sindresorhus/restore-cursor,MIT,MIT,MIT,MIT
rimraf,2.6.3,/Users/luisherranz/Code/frontity-licenses/frontity-docs/node_modules/rimraf,http://github.com/isaacs/rimraf,ISC,ISC,ISC,
rxjs,6.6.7,/Users/luisherranz/Code/frontity-licenses/frontity-docs/node_modules/rxjs,https://github.com/reactivex/rxjs,Apache;Apache-2.0,Apache-2.0,Apache,
safe-buffer,5.1.2,/Users/luisherranz/Code/frontity-licenses/frontity-docs/node_modules/safe-buffer,http://github.com/feross/safe-buffer,MIT,MIT,MIT,
safer-buffer,2.1.2,/Users/luisherranz/Code/frontity-licenses/frontity-docs/node_modules/safer-buffer,https://github.com/ChALkeR/safer-buffer,MIT,MIT,MIT,
semver,5.7.1,/Users/luisherranz/Code/frontity-licenses/frontity-docs/node_modules/semver,https://github.com/npm/node-semver,ISC,ISC,ISC,
semver-compare,1.0.0,/Users/luisherranz/Code/frontity-licenses/frontity-docs/node_modules/semver-compare,http://github.com/substack/semver-compare,MIT,MIT,MIT,MIT
semver-regex,3.1.2,/Users/luisherranz/Code/frontity-licenses/frontity-docs/node_modules/semver-regex,sindresorhus/semver-regex,MIT,MIT,MIT,
set-getter,0.1.1,/Users/luisherranz/Code/frontity-licenses/frontity-docs/node_modules/set-getter,doowb/set-getter,MIT,MIT,MIT,
shebang-command,2.0.0,/Users/luisherranz/Code/frontity-licenses/frontity-docs/node_modules/shebang-command,kevva/shebang-command,MIT,MIT,MIT,
shebang-regex,3.0.0,/Users/luisherranz/Code/frontity-licenses/frontity-docs/node_modules/shebang-regex,sindresorhus/shebang-regex,MIT,MIT,MIT,MIT
signal-exit,3.0.3,/Users/luisherranz/Code/frontity-licenses/frontity-docs/node_modules/signal-exit,https://github.com/tapjs/signal-exit,ISC,ISC,ISC,
slash,3.0.0,/Users/luisherranz/Code/frontity-licenses/frontity-docs/node_modules/slash,sindresorhus/slash,MIT,MIT,MIT,MIT
slice-ansi,0.0.4,/Users/luisherranz/Code/frontity-licenses/frontity-docs/node_modules/table/node_modules/slice-ansi,(none),MIT,MIT,MIT,MIT
slice-ansi,3.0.0,/Users/luisherranz/Code/frontity-licenses/frontity-docs/node_modules/slice-ansi,chalk/slice-ansi,MIT,MIT,MIT,
slice-ansi,4.0.0,/Users/luisherranz/Code/frontity-licenses/frontity-docs/node_modules/log-update/node_modules/slice-ansi,(none),MIT,MIT,MIT,
source-map,0.6.1,/Users/luisherranz/Code/frontity-licenses/frontity-docs/node_modules/source-map,http://github.com/mozilla/source-map,BSD-3-Clause,BSD-3-Clause,,
spdx-correct,3.1.1,/Users/luisherranz/Code/frontity-licenses/frontity-docs/node_modules/spdx-correct,jslicense/spdx-correct.js,Apache;Apache-2.0,Apache-2.0,Apache,
spdx-exceptions,2.3.0,/Users/luisherranz/Code/frontity-licenses/frontity-docs/node_modules/spdx-exceptions,kemitchell/spdx-exceptions.json,CC-BY-3.0,CC-BY-3.0,,
spdx-expression-parse,3.0.1,/Users/luisherranz/Code/frontity-licenses/frontity-docs/node_modules/spdx-expression-parse,jslicense/spdx-expression-parse.js,BSD;GPL;LGPL;MIT,MIT,MIT,BSD;GPL;LGPL;MIT
spdx-license-ids,3.0.9,/Users/luisherranz/Code/frontity-licenses/frontity-docs/node_modules/spdx-license-ids,jslicense/spdx-license-ids,CC0-1.0,CC0-1.0,,
sprintf-js,1.0.3,/Users/luisherranz/Code/frontity-licenses/frontity-docs/node_modules/sprintf-js,https://github.com/alexei/sprintf.js,BSD;BSD-3-Clause,BSD-3-Clause,,BSD
sshpk,1.16.1,/Users/luisherranz/Code/frontity-licenses/frontity-docs/node_modules/sshpk,https://github.com/joyent/node-sshpk,MIT,MIT,,
state-toggle,1.0.3,/Users/luisherranz/Code/frontity-licenses/frontity-docs/node_modules/state-toggle,wooorm/state-toggle,MIT,MIT,MIT,
string-argv,0.3.1,/Users/luisherranz/Code/frontity-licenses/frontity-docs/node_modules/string-argv,https://github.com/mccormicka/string-argv,MIT,MIT,MIT,
string-width,1.0.2,/Users/luisherranz/Code/frontity-licenses/frontity-docs/node_modules/@textlint/fixer-formatter/node_modules/string-width,(none),MIT,MIT,MIT,MIT
string-width,2.1.1,/Users/luisherranz/Code/frontity-licenses/frontity-docs/node_modules/table/node_modules/string-width,(none),MIT,MIT,MIT,MIT
string-width,4.2.2,/Users/luisherranz/Code/frontity-licenses/frontity-docs/node_modules/string-width,sindresorhus/string-width,MIT,MIT,MIT,
string_decoder,1.1.1,/Users/luisherranz/Code/frontity-licenses/frontity-docs/node_modules/string_decoder,http://github.com/nodejs/string_decoder,MIT,MIT,,
stringify-object,3.3.0,/Users/luisherranz/Code/frontity-licenses/frontity-docs/node_modules/stringify-object,yeoman/stringify-object,BSD-2-Clause,BSD-2-Clause,,
strip-ansi,3.0.1,/Users/luisherranz/Code/frontity-licenses/frontity-docs/node_modules/textlint/node_modules/strip-ansi,(none),MIT,MIT,MIT,MIT
strip-ansi,4.0.0,/Users/luisherranz/Code/frontity-licenses/frontity-docs/node_modules/table/node_modules/string-width/node_modules/strip-ansi,(none),MIT,MIT,MIT,MIT
strip-ansi,6.0.0,/Users/luisherranz/Code/frontity-licenses/frontity-docs/node_modules/strip-ansi,chalk/strip-ansi,MIT,MIT,MIT,
strip-bom,2.0.0,/Users/luisherranz/Code/frontity-licenses/frontity-docs/node_modules/strip-bom,sindresorhus/strip-bom,MIT,MIT,MIT,MIT
strip-bom,3.0.0,/Users/luisherranz/Code/frontity-licenses/frontity-docs/node_modules/read-pkg-up/node_modules/strip-bom,(none),MIT,MIT,MIT,MIT
strip-color,0.1.0,/Users/luisherranz/Code/frontity-licenses/frontity-docs/node_modules/strip-color,jonschlinkert/strip-color,MIT,MIT,MIT,MIT
strip-final-newline,2.0.0,/Users/luisherranz/Code/frontity-licenses/frontity-docs/node_modules/strip-final-newline,sindresorhus/strip-final-newline,MIT,MIT,MIT,MIT
strip-json-comments,3.1.1,/Users/luisherranz/Code/frontity-licenses/frontity-docs/node_modules/strip-json-comments,sindresorhus/strip-json-comments,MIT,MIT,MIT,
structured-source,3.0.2,/Users/luisherranz/Code/frontity-licenses/frontity-docs/node_modules/structured-source,https://github.com/Constellation/structured-source,BSD,BSD,,
supports-color,2.0.0,/Users/luisherranz/Code/frontity-licenses/frontity-docs/node_modules/textlint/node_modules/supports-color,(none),MIT,MIT,MIT,MIT
supports-color,5.5.0,/Users/luisherranz/Code/frontity-licenses/frontity-docs/node_modules/@babel/highlight/node_modules/supports-color,(none),MIT,MIT,MIT,MIT
supports-color,7.2.0,/Users/luisherranz/Code/frontity-licenses/frontity-docs/node_modules/supports-color,chalk/supports-color,MIT,MIT,MIT,
table,3.8.3,/Users/luisherranz/Code/frontity-licenses/frontity-docs/node_modules/table,https://github.com/gajus/table,BSD-3-Clause,BSD-3-Clause,,
text-table,0.2.0,/Users/luisherranz/Code/frontity-licenses/frontity-docs/node_modules/text-table,http://github.com/substack/text-table,MIT,MIT,MIT,MIT
textlint,11.9.1,/Users/luisherranz/Code/frontity-licenses/frontity-docs/node_modules/textlint,https://github.com/textlint/textlint,MIT,MIT,,
textlint-filter-rule-comments,1.2.2,/Users/luisherranz/Code/frontity-licenses/frontity-docs/node_modules/textlint-filter-rule-comments,https://github.com/textlint/textlint-filter-rule-comments,MIT,MIT,,MIT
textlint-rule-helper,2.2.0,/Users/luisherranz/Code/frontity-licenses/frontity-docs/node_modules/textlint-rule-helper,https://github.com/textlint/textlint-rule-helper,MIT,MIT,,MIT
textlint-rule-terminology,2.1.5,/Users/luisherranz/Code/frontity-licenses/frontity-docs/node_modules/textlint-rule-terminology,sapegin/textlint-rule-terminology,MIT,MIT,MIT,MIT
through,2.3.8,/Users/luisherranz/Code/frontity-licenses/frontity-docs/node_modules/through,https://github.com/dominictarr/through,MIT,MIT,MIT,MIT
through2,2.0.5,/Users/luisherranz/Code/frontity-licenses/frontity-docs/node_modules/through2,https://github.com/rvagg/through2,MIT,MIT,MIT,MIT
to-object-path,0.3.0,/Users/luisherranz/Code/frontity-licenses/frontity-docs/node_modules/to-object-path,jonschlinkert/to-object-path,MIT,MIT,MIT,MIT
to-regex-range,5.0.1,/Users/luisherranz/Code/frontity-licenses/frontity-docs/node_modules/to-regex-range,micromatch/to-regex-range,MIT,MIT,MIT,
toml,2.3.6,/Users/luisherranz/Code/frontity-licenses/frontity-docs/node_modules/toml,http://github.com/BinaryMuse/toml-node,MIT,MIT,,MIT
tough-cookie,2.5.0,/Users/luisherranz/Code/frontity-licenses/frontity-docs/node_modules/tough-cookie,http://github.com/salesforce/tough-cookie,BSD-3-Clause,BSD-3-Clause,,
traverse,0.6.6,/Users/luisherranz/Code/frontity-licenses/frontity-docs/node_modules/traverse,http://github.com/substack/js-traverse,MIT,MIT,,MIT
trim,0.0.1,/Users/luisherranz/Code/frontity-licenses/frontity-docs/node_modules/trim,(none),MIT,,,MIT
trim-trailing-lines,1.1.4,/Users/luisherranz/Code/frontity-licenses/frontity-docs/node_modules/trim-trailing-lines,wooorm/trim-trailing-lines,MIT,MIT,MIT,
trough,1.0.5,/Users/luisherranz/Code/frontity-licenses/frontity-docs/node_modules/trough,wooorm/trough,MIT,MIT,MIT,
try-resolve,1.0.1,/Users/luisherranz/Code/frontity-licenses/frontity-docs/node_modules/try-resolve,sebmck/try-resolve,MIT,MIT,,
tslib,1.14.1,/Users/luisherranz/Code/frontity-licenses/frontity-docs/node_modules/tslib,https://github.com/Microsoft/tslib,0BSD,0BSD,,
tunnel-agent,0.6.0,/Users/luisherranz/Code/frontity-licenses/frontity-docs/node_modules/tunnel-agent,https://github.com/mikeal/tunnel-agent,Apache;Apache-2.0,Apache-2.0,Apache,
tweetnacl,0.14.5,/Users/luisherranz/Code/frontity-licenses/frontity-docs/node_modules/tweetnacl,https://github.com/dchest/tweetnacl-js,Unlicense,Unlicense,,
type-check,0.4.0,/Users/luisherranz/Code/frontity-licenses/frontity-docs/node_modules/type-check,http://github.com/gkz/type-check,MIT,MIT,,MIT
type-fest,0.21.3,/Users/luisherranz/Code/frontity-licenses/frontity-docs/node_modules/type-fest,sindresorhus/type-fest,(MIT OR CC0-1.0);MIT,(MIT OR CC0-1.0),MIT,
typedarray,0.0.6,/Users/luisherranz/Code/frontity-licenses/frontity-docs/node_modules/typedarray,http://github.com/substack/typedarray,MIT,MIT,,MIT
unherit,1.1.3,/Users/luisherranz/Code/frontity-licenses/frontity-docs/node_modules/unherit,wooorm/unherit,MIT,MIT,MIT,
unified,6.2.0,/Users/luisherranz/Code/frontity-licenses/frontity-docs/node_modules/unified,unifiedjs/unified,MIT,MIT,MIT,
unique-concat,0.2.2,/Users/luisherranz/Code/frontity-licenses/frontity-docs/node_modules/unique-concat,http://github.com/thlorenz/unique-concat,MIT,MIT,,MIT
unist-util-is,3.0.0,/Users/luisherranz/Code/frontity-licenses/frontity-docs/node_modules/unist-util-is,syntax-tree/unist-util-is,MIT,MIT,MIT,
unist-util-remove-position,1.1.4,/Users/luisherranz/Code/frontity-licenses/frontity-docs/node_modules/unist-util-remove-position,syntax-tree/unist-util-remove-position,MIT,MIT,MIT,
unist-util-stringify-position,1.1.2,/Users/luisherranz/Code/frontity-licenses/frontity-docs/node_modules/unist-util-stringify-position,syntax-tree/unist-util-stringify-position,MIT,MIT,MIT,
unist-util-visit,1.4.1,/Users/luisherranz/Code/frontity-licenses/frontity-docs/node_modules/unist-util-visit,syntax-tree/unist-util-visit,MIT,MIT,MIT,
unist-util-visit-parents,2.1.2,/Users/luisherranz/Code/frontity-licenses/frontity-docs/node_modules/unist-util-visit-parents,syntax-tree/unist-util-visit-parents,MIT,MIT,MIT,
unorm,1.6.0,/Users/luisherranz/Code/frontity-licenses/frontity-docs/node_modules/unorm,http://github.com/walling/unorm,GPL;MIT;MIT or GPL-2.0,MIT or GPL-2.0,GPL;MIT,GPL;MIT
uri-js,4.4.1,/Users/luisherranz/Code/frontity-licenses/frontity-docs/node_modules/uri-js,http://github.com/garycourt/uri-js,BSD-2-Clause,BSD-2-Clause,,
uslug,1.0.4,/Users/luisherranz/Code/frontity-licenses/frontity-docs/node_modules/uslug,http://github.com/jeremys/uslug,MIT,MIT,,MIT
util-deprecate,1.0.2,/Users/luisherranz/Code/frontity-licenses/frontity-docs/node_modules/util-deprecate,http://github.com/TooTallNate/util-deprecate,MIT,MIT,MIT,MIT
uuid,3.4.0,/Users/luisherranz/Code/frontity-licenses/frontity-docs/node_modules/uuid,https://github.com/uuidjs/uuid,MIT,MIT,MIT,
validate-npm-package-license,3.0.4,/Users/luisherranz/Code/frontity-licenses/frontity-docs/node_modules/validate-npm-package-license,kemitchell/validate-npm-package-license.js,Apache;Apache-2.0,Apache-2.0,Apache,
verror,1.10.0,/Users/luisherranz/Code/frontity-licenses/frontity-docs/node_modules/verror,http://github.com/davepacheco/node-verror,MIT,MIT,,
vfile,2.3.0,/Users/luisherranz/Code/frontity-licenses/frontity-docs/node_modules/vfile,vfile/vfile,MIT,MIT,MIT,
vfile-location,2.0.6,/Users/luisherranz/Code/frontity-licenses/frontity-docs/node_modules/vfile-location,vfile/vfile-location,MIT,MIT,MIT,
vfile-message,1.1.1,/Users/luisherranz/Code/frontity-licenses/frontity-docs/node_modules/vfile-message,vfile/vfile-message,MIT,MIT,MIT,
which,2.0.2,/Users/luisherranz/Code/frontity-licenses/frontity-docs/node_modules/which,http://github.com/isaacs/node-which,BSD;ISC,ISC,ISC,BSD
which-pm-runs,1.0.0,/Users/luisherranz/Code/frontity-licenses/frontity-docs/node_modules/which-pm-runs,https://github.com/zkochan/which-pm-runs,MIT,MIT,MIT,
word-wrap,1.2.3,/Users/luisherranz/Code/frontity-licenses/frontity-docs/node_modules/word-wrap,jonschlinkert/word-wrap,MIT,MIT,MIT,
wrap-ansi,6.2.0,/Users/luisherranz/Code/frontity-licenses/frontity-docs/node_modules/log-update/node_modules/wrap-ansi,(none),MIT,MIT,MIT,
wrap-ansi,7.0.0,/Users/luisherranz/Code/frontity-licenses/frontity-docs/node_modules/wrap-ansi,chalk/wrap-ansi,MIT,MIT,MIT,
wrappy,1.0.2,/Users/luisherranz/Code/frontity-licenses/frontity-docs/node_modules/wrappy,https://github.com/npm/wrappy,ISC,ISC,ISC,
write,1.0.3,/Users/luisherranz/Code/frontity-licenses/frontity-docs/node_modules/write,jonschlinkert/write,MIT,MIT,MIT,
x-is-string,0.1.0,/Users/luisherranz/Code/frontity-licenses/frontity-docs/node_modules/x-is-string,http://github.com/Matt-Esch/x-is-string,MIT,MIT,,MIT
xml-escape,1.1.0,/Users/luisherranz/Code/frontity-licenses/frontity-docs/node_modules/xml-escape,http://github.com/miketheprogrammer/xml-escape,MIT;MIT License,MIT License,MIT,
xtend,4.0.2,/Users/luisherranz/Code/frontity-licenses/frontity-docs/node_modules/xtend,http://github.com/Raynos/xtend,MIT,MIT,MIT,MIT
yaml,1.10.2,/Users/luisherranz/Code/frontity-licenses/frontity-docs/node_modules/yaml,github:eemeli/yaml,ISC,ISC,,ISC
yocto-queue,0.1.0,/Users/luisherranz/Code/frontity-licenses/frontity-docs/node_modules/yocto-queue,sindresorhus/yocto-queue,MIT,MIT,MIT,
